image_url,movie_cast,movie_description,movie_director,movie_hero,movie_rating,movie_title,movie_votes,movie_year,rank
"https://images-na.ssl-images-amazon.com/images/M/MV5BMTMxNTMwODM0NF5BMl5BanBnXkFtZTcwODAyMTk2Mw@@._V1._SY209_CR0,0,140,209_.jpg"," Christian Bale, Heath Ledger, Aaron Eckhart, Michael Caine","When the menace known as the Joker emerges from his mysterious past, he wreaks havoc and chaos on the people of Gotham, the Dark Knight must accept one of the greatest psychological and physical tests of his ability to fight injustice. (152 mins.)", Christopher Nolan, Christian Bale,9.0,The Dark Knight,1829080.0,(2008),1
"https://images-na.ssl-images-amazon.com/images/M/MV5BMjAxMzY3NjcxNF5BMl5BanBnXkFtZTcwNTI5OTM0Mw@@._V1._SY209_CR0,0,140,209_.jpg"," Leonardo DiCaprio, Joseph Gordon-Levitt, Ellen Page, Ken Watanabe","A thief, who steals corporate secrets through use of dream-sharing technology, is given the inverse task of planting an idea into the mind of a CEO. (148 mins.)", Christopher Nolan, Leonardo DiCaprio,8.8,Inception,1618986.0,(2010),2
"https://images-na.ssl-images-amazon.com/images/M/MV5BMTI1MTY2OTIxNV5BMl5BanBnXkFtZTYwNjQ4NjY3._V1._SY209_CR0,0,140,209_.jpg"," Leonardo DiCaprio, Matt Damon, Jack Nicholson, Mark Wahlberg",An undercover cop and a mole in the police attempt to identify each other while infiltrating an Irish gang in South Boston. (151 mins.), Martin Scorsese, Leonardo DiCaprio,8.5,The Departed,956586.0,(2006),3
"https://images-na.ssl-images-amazon.com/images/M/MV5BNGMwNzUwNjYtZWM5NS00YzMyLWI4NjAtNjM0ZDBiMzE1YWExXkEyXkFqcGdeQXVyNDk3NzU2MTQ@._V1._SY209_CR1,0,140,209_.jpg"," Al Pacino, Robert De Niro, Val Kilmer, Jon Voight","A group of professional bank robbers start to feel the heat from police when they unknowingly leave a clue at their latest heist, while both sides attempt to find balance between their personal and their professional lives. (170 mins.)", Michael Mann, Al Pacino,8.2,Heat,467227.0,(1995),4
"https://images-na.ssl-images-amazon.com/images/M/MV5BMjdjMGU3MGYtN2Y5ZC00MTE4LWE4YWQtMTBhMjc3MTk0ZDUwXkEyXkFqcGdeQXVyNjU0OTQ0OTY@._V1._SX140_CR0,0,140,209_.jpg"," Jean Reno, Gary Oldman, Natalie Portman, Danny Aiello","Mathilda, a 12-year-old girl, is reluctantly taken in by LÃ©on, a professional assassin, after her family is murdered. LÃ©on and Mathilda form an unusual relationship, as she becomes his protÃ©gÃ©e and learns the assassin's trade. (110 mins.)", Luc Besson, Jean Reno,8.6,Léon: The Professional,800851.0,(1994),5
"https://images-na.ssl-images-amazon.com/images/M/MV5BNGNiNmU2YTMtZmU4OS00MjM0LTlmYWUtMjVlYjAzYjE2N2RjXkEyXkFqcGdeQXVyNDk3NzU2MTQ@._V1._SY209_CR0,0,140,209_.jpg"," Matt Damon, Edgar RamÃ­rez, Joan Allen, Julia Stiles",Jason Bourne dodges a ruthless CIA official and his agents from a new assassination program while searching for the origins of his life as a trained killer. (115 mins.), Paul Greengrass, Matt Damon,8.1,The Bourne Ultimatum,534648.0,(2007),6
"https://images-na.ssl-images-amazon.com/images/M/MV5BNzY2NzI4OTE5MF5BMl5BanBnXkFtZTcwMjMyNDY4Mw@@._V1._SY209_CR0,0,140,209_.jpg"," Natalie Portman, Mila Kunis, Vincent Cassel, Winona Ryder","A committed dancer wins the lead role in a production of Tchaikovsky's ""Swan Lake"" only to find herself struggling to maintain her sanity. (108 mins.)", Darren Aronofsky, Natalie Portman,8.0,Black Swan,590568.0,(2010),7
"https://images-na.ssl-images-amazon.com/images/M/MV5BYTczMGFiOWItMjA3Mi00YTU5LWIwMDgtYTEzNjRkNDkwMTE2XkEyXkFqcGdeQXVyNzQ1ODk3MTQ@._V1._SX140_CR0,0,140,209_.jpg"," Uma Thurman, David Carradine, Daryl Hannah, Michael Madsen",The Bride wakens from a four-year coma. The child she carried in her womb is gone. Now she must wreak vengeance on the team of assassins who betrayed her - a team she was once part of. (111 mins.), Quentin Tarantino, Uma Thurman,8.1,Kill Bill: Vol. 1,802092.0,(2003),8
"https://images-na.ssl-images-amazon.com/images/M/MV5BNWM2MDZmMDgtYjViOS00YzBmLWE4YzctMDMyYTQ2YTc4MmVkXkEyXkFqcGdeQXVyNDk3NzU2MTQ@._V1._SX140_CR0,0,140,209_.jpg"," Naomi Watts, Laura Harring, Justin Theroux, Jeanne Bates","After a car wreck on the winding Mulholland Drive renders a woman amnesiac, she and a perky Hollywood-hopeful search for clues and answers across Los Angeles in a twisting venture beyond dreams and reality. (147 mins.)", David Lynch, Naomi Watts,8.0,Mulholland Dr.,261520.0,(2001),9
"https://images-na.ssl-images-amazon.com/images/M/MV5BMjA5Njk3MjM4OV5BMl5BanBnXkFtZTcwMTc5MTE1MQ@@._V1._SY209_CR1,0,140,209_.jpg"," Tommy Lee Jones, Javier Bardem, Josh Brolin, Woody Harrelson",Violence and mayhem ensue after a hunter stumbles upon a drug deal gone wrong and more than two million dollars in cash near the Rio Grande. (122 mins.)," Ethan Coen, Joel Coen", Tommy Lee Jones,8.1,No Country for Old Men,674702.0,(2007),10
"https://images-na.ssl-images-amazon.com/images/M/MV5BOTk1OTA1MjIyNV5BMl5BanBnXkFtZTcwODQxMTkyMQ@@._V1._SY209_CR0,0,140,209_.jpg"," Don Cheadle, Sandra Bullock, Thandie Newton, Karina Arroyave","Los Angeles citizens with vastly separate lives collide in interweaving stories of race, loss and redemption. (112 mins.)", Paul Haggis, Don Cheadle,7.8,Crash,378050.0,(2004),11
"https://images-na.ssl-images-amazon.com/images/M/MV5BOTUwODM5MTctZjczMi00OTk4LTg3NWUtNmVhMTAzNTNjYjcyXkEyXkFqcGdeQXVyNjU0OTQ0OTY@._V1._SX140_CR0,0,140,209_.jpg"," Morgan Freeman, Brad Pitt, Kevin Spacey, Andrew Kevin Walker","Two detectives, a rookie and a veteran, hunt a serial killer who uses the seven deadly sins as his motives. (127 mins.)", David Fincher, Morgan Freeman,8.6,Se7en,1127163.0,(1995),12
"https://images-na.ssl-images-amazon.com/images/M/MV5BMTk4ODQzNDY3Ml5BMl5BanBnXkFtZTcwODA0NTM4Nw@@._V1._SY209_CR0,0,140,209_.jpg"," Christian Bale, Tom Hardy, Anne Hathaway, Gary Oldman","Eight years after the Joker's reign of anarchy, the Dark Knight, with the help of the enigmatic Catwoman, is forced from his exile to save Gotham City, now on the edge of total annihilation, from the brutal guerrilla terrorist Bane. (164 mins.)", Christopher Nolan, Christian Bale,8.4,The Dark Knight Rises,1246993.0,(2012),13
"https://images-na.ssl-images-amazon.com/images/M/MV5BODZmYjMwNzEtNzVhNC00ZTRmLTk2M2UtNzE1MTQ2ZDAxNjc2XkEyXkFqcGdeQXVyMTQxNzMzNDI@._V1._SX140_CR0,0,140,209_.jpg"," Mickey Rourke, Clive Owen, Bruce Willis, Jessica Alba","A film that explores the dark and miserable town, Basin City, and tells the story of three different people, all caught up in violent corruption. (124 mins.)"," Frank Miller, Robert Rodriguez", Mickey Rourke,8.0,Sin City,688634.0,(2005),14
"https://images-na.ssl-images-amazon.com/images/M/MV5BNjNhZTk0ZmEtNjJhMi00YzFlLWE1MmEtYzM1M2ZmMGMwMTU4XkEyXkFqcGdeQXVyNjU0OTQ0OTY@._V1._SY209_CR1,0,140,209_.jpg"," Jodie Foster, Anthony Hopkins, Lawrence A. Bonney, Kasi Lemmons",A young F.B.I. cadet must confide in an incarcerated and manipulative killer to receive his help on catching another serial killer who skins his victims. (118 mins.), Jonathan Demme, Jodie Foster,8.6,The Silence of the Lambs,983340.0,(1991),15
"https://images-na.ssl-images-amazon.com/images/M/MV5BMDgzNDk3ZDctYTUxMC00MDQzLWI1MTctMmQxYWE0MGUzYzIxXkEyXkFqcGdeQXVyNTIzOTk5ODM@._V1._SY209_CR0,0,140,209_.jpg"," Tom Cruise, Colin Farrell, Samantha Morton, Max von Sydow","In a future where a special police unit is able to arrest murderers before they commit their crimes, an officer from that unit is himself accused of a future murder. (145 mins.)", Steven Spielberg, Tom Cruise,7.7,Minority Report,428496.0,(2002),16
"https://images-na.ssl-images-amazon.com/images/M/MV5BY2NkNTcxNjAtODhjMS00Mjg2LWI1OGItMjRhMGJlODBkZTVlL2ltYWdlL2ltYWdlXkEyXkFqcGdeQXVyNzAxMjE1NDg@._V1._SY209_CR0,0,140,209_.jpg"," Leonardo DiCaprio, Emily Mortimer, Mark Ruffalo, Ben Kingsley","In 1954, a U.S. Marshal investigates the disappearance of a murderer, who escaped from a hospital for the criminally insane. (138 mins.)", Martin Scorsese, Leonardo DiCaprio,8.1,Shutter Island,877216.0,(2010),17
"https://images-na.ssl-images-amazon.com/images/M/MV5BYmFmOGZjYTItYjY1ZS00OWRiLTk0NDgtMjQ5MzBkYWE2YWE0XkEyXkFqcGdeQXVyNjU0OTQ0OTY@._V1._SX140_CR0,0,140,209_.jpg"," Harrison Ford, Tommy Lee Jones, Sela Ward, Julianne Moore","Dr. Richard Kimble, unjustly accused of murdering his wife, must find the real killer while being the target of a nationwide manhunt lead by a seasoned US Marshall. (130 mins.)", Andrew Davis, Harrison Ford,7.8,The Fugitive,225955.0,(1993),18
"https://images-na.ssl-images-amazon.com/images/M/MV5BMTAxMDE4Mzc3ODNeQTJeQWpwZ15BbWU4MDY2Mjg4MDcx._V1._SY209_CR1,0,140,209_.jpg"," Nicole Kidman, Christopher Eccleston, Fionnula Flanagan, Alakina Mann",A woman who lives in a darkened old house with her two photosensitive children becomes convinced that her family home is haunted. (101 mins.), Alejandro AmenÃ¡bar, Nicole Kidman,7.6,The Others,289606.0,(2001),19
"https://images-na.ssl-images-amazon.com/images/M/MV5BNmFiYmJmN2QtNWQwMi00MzliLThiOWMtZjQxNGRhZTQ1MjgyXkEyXkFqcGdeQXVyNzQ1ODk3MTQ@._V1._SY209_CR0,0,140,209_.jpg"," Uma Thurman, David Carradine, Michael Madsen, Daryl Hannah","The Bride continues her quest of vengeance against her former boss and lover Bill, the reclusive bouncer Budd and the treacherous, one-eyed Elle. (137 mins.)", Quentin Tarantino, Uma Thurman,8.0,Kill Bill: Vol. 2,552401.0,(2004),20
"https://images-na.ssl-images-amazon.com/images/M/MV5BZWQxZTJmN2YtMjdmMS00ZTFmLTk5ZDYtODA4ZDA1YWQ2MjMyL2ltYWdlL2ltYWdlXkEyXkFqcGdeQXVyNjU0OTQ0OTY@._V1._SY209_CR0,0,140,209_.jpg"," Forest Whitaker, Henry Silva, John Tormey, Cliff Gorman",An African American mafia hit man who models himself after the samurai of old finds himself targeted for death by the mob. (116 mins.), Jim Jarmusch, Forest Whitaker,7.5,Ghost Dog: The Way of the Samurai,74429.0,(1999),21
"https://images-na.ssl-images-amazon.com/images/M/MV5BYzlkZTEyYjUtMTY5NS00ZjU0LTk5OTYtM2M0ZDg1NmNjMzhkXkEyXkFqcGdeQXVyMTQxNzMzNDI@._V1._SX140_CR0,0,140,209_.jpg"," Al Pacino, Robin Williams, Hilary Swank, Martin Donovan",Two Los Angeles homicide detectives are dispatched to a northern town where the sun doesn't set to investigate the methodical murder of a local teen. (118 mins.), Christopher Nolan, Al Pacino,7.2,Insomnia,234618.0,(2002),22
"https://images-na.ssl-images-amazon.com/images/M/MV5BYWRkNGJhMmEtMWM3Ni00MDc3LThhMTQtMWI2OTMxYmE5MTZhXkEyXkFqcGdeQXVyNTAyODkwOQ@@._V1._SY209_CR1,0,140,209_.jpg"," Jack Nicholson, Faye Dunaway, John Huston, Perry Lopez","A private detective hired to expose an adulterer finds himself caught up in a web of deceit, corruption, and murder. (130 mins.)", Roman Polanski, Jack Nicholson,8.2,Chinatown,235758.0,(1974),23
"https://images-na.ssl-images-amazon.com/images/M/MV5BMTIzNDUyMjA4MV5BMl5BanBnXkFtZTYwNDc4ODM3._V1._SY209_CR0,0,140,209_.jpg"," Sean Penn, Tim Robbins, Kevin Bacon, Emmy Rossum","With a childhood tragedy that overshadowed their lives, three men are reunited by circumstance when one has a family tragedy. (138 mins.)", Clint Eastwood, Sean Penn,8.0,Mystic River,359812.0,(2003),24
"https://images-na.ssl-images-amazon.com/images/M/MV5BMjA4NDI0MTIxNF5BMl5BanBnXkFtZTYwNTM0MzY2._V1._SY209_CR0,0,140,209_.jpg"," Christian Bale, Hugh Jackman, Scarlett Johansson, Michael Caine",After a tragic accident two stage magicians engage in a battle to create the ultimate illusion whilst sacrificing everything they have to outwit the other. (130 mins.), Christopher Nolan, Christian Bale,8.5,The Prestige,936796.0,(2006),25
"https://images-na.ssl-images-amazon.com/images/M/MV5BYTViNjMyNmUtNDFkNC00ZDRlLThmMDUtZDU2YWE4NGI2ZjVmXkEyXkFqcGdeQXVyNjU0OTQ0OTY@._V1._SY209_CR0,0,140,209_.jpg"," Kevin Spacey, Gabriel Byrne, Chazz Palminteri, Stephen Baldwin","A sole survivor tells of the twisty events leading up to a horrific gun battle on a boat, which began when five criminals met at a seemingly random police lineup. (106 mins.)", Bryan Singer, Kevin Spacey,8.6,The Usual Suspects,809549.0,(1995),26
"https://images-na.ssl-images-amazon.com/images/M/MV5BMjE3NjM5OTMxMV5BMl5BanBnXkFtZTcwOTIzMTQyMw@@._V1._SY209_CR0,0,140,209_.jpg"," Tom Cruise, Jamie Foxx, Jada Pinkett Smith, Mark Ruffalo",A cab driver finds himself the hostage of an engaging contract killer as he makes his rounds from hit to hit during one night in Los Angeles. (115 mins.), Michael Mann, Tom Cruise,7.6,Collateral,310838.0,(2004),27
"https://images-na.ssl-images-amazon.com/images/M/MV5BMmVmODY1MzEtYTMwZC00MzNhLWFkNDMtZjAwM2EwODUxZTA5XkEyXkFqcGdeQXVyNTAyODkwOQ@@._V1._SX140_CR0,0,140,209_.jpg"," Roy Scheider, Robert Shaw, Richard Dreyfuss, Lorraine Gary","A giant great white shark arrives on the shores of a New England beach resort and wreaks havoc with bloody attacks on swimmers, until a local sheriff teams up with a marine biologist and an old seafarer to hunt the monster down. (124 mins.)", Steven Spielberg, Roy Scheider,8.0,Jaws,451929.0,(1975),28
"https://images-na.ssl-images-amazon.com/images/M/MV5BY2FmODc2N2QtYmY3MS00YTMwLWI2NGYtZWRmYWVkNjFjZmI0XkEyXkFqcGdeQXVyNTMxMjgxMzA@._V1._SX140_CR0,0,140,209_.jpg"," Leonardo DiCaprio, Tom Hardy, Will Poulter, Domhnall Gleeson",A frontiersman on a fur trading expedition in the 1820s fights for survival after being mauled by a bear and left for dead by members of his own hunting team. (156 mins.), Alejandro G. Iñárritu, Leonardo DiCaprio,8.0,The Revenant,517345.0,(2015),29
"https://images-na.ssl-images-amazon.com/images/M/MV5BMTg0NTIzMjQ1NV5BMl5BanBnXkFtZTcwNDc3MzM5OQ@@._V1._SY209_CR0,0,140,209_.jpg"," Hugh Jackman, Jake Gyllenhaal, Viola Davis, Melissa Leo","When Keller Dover's daughter and her friend go missing, he takes matters into his own hands as the police pursue multiple leads and the pressure mounts. (153 mins.)", Denis Villeneuve, Hugh Jackman,8.1,Prisoners,444722.0,(2013),30
"https://images-na.ssl-images-amazon.com/images/M/MV5BZjczMWI1YWMtYTZjOS00ZDc5LWE2MWItMTY3ZGUxNzFkNjJmL2ltYWdlXkEyXkFqcGdeQXVyNjU0OTQ0OTY@._V1._SY209_CR0,0,140,209_.jpg"," Josh Hartnett, Ben Kingsley, Morgan Freeman, Lucy Liu",A case of mistaken identity lands Slevin into the middle of a war being plotted by two of the city's most rival crime bosses: The Rabbi and The Boss. Slevin is under constant surveillance by relentless Detective Brikowski as well as the infamous assassin Goodkat and finds himself having to hatch his own ingenious plot to get them before they get him. (110 mins.), Paul McGuigan, Josh Hartnett,7.8,Lucky Number Slevin,274974.0,(2006),31
"https://images-na.ssl-images-amazon.com/images/M/MV5BMTI3NTQyMzU5M15BMl5BanBnXkFtZTcwMTM2MjgyMQ@@._V1._SY209_CR0,0,140,209_.jpg"," Min-sik Choi, Ji-tae Yu, Hye-jeong Kang, Dae-han Ji","After being kidnapped and imprisoned for fifteen years, Oh Dae-Su is released, only to find that he must find his captor in five days. (120 mins.)", Chan-wook Park, Min-sik Choi,8.4,Oldboy,397092.0,(2003),32
"https://images-na.ssl-images-amazon.com/images/M/MV5BMGY3MDljOWUtMTMwNy00YjIyLWFlNWUtMTJhYjA4NzIwNTIyXkEyXkFqcGdeQXVyNTAyODkwOQ@@._V1._SY209_CR4,0,140,209_.jpg"," Franka Potente, Moritz Bleibtreu, Herbert Knaup, Nina Petri","After a botched money delivery, Lola has 20 minutes to come up with 100,000 Deutschmarks. (81 mins.)", Tom Tykwer, Franka Potente,7.7,Run Lola Run,168868.0,(1998),33
"https://images-na.ssl-images-amazon.com/images/M/MV5BMjA1MTc1NTg5NV5BMl5BanBnXkFtZTgwOTM2MDEzNzE@._V1._SY209_CR0,0,140,209_.jpg"," Samuel L. Jackson, Kurt Russell, Jennifer Jason Leigh, Walton Goggins","In the dead of a Wyoming winter, a bounty hunter and his prisoner find shelter in a cabin currently inhabited by a collection of nefarious characters. (187 mins.)", Quentin Tarantino, Samuel L. Jackson,7.8,The Hateful Eight,355466.0,(2015),34
"https://images-na.ssl-images-amazon.com/images/M/MV5BMWM4NTFhYjctNzUyNi00NGMwLTk3NTYtMDIyNTZmMzRlYmQyXkEyXkFqcGdeQXVyMTAwMzUyOTc@._V1._SY209_CR0,0,140,209_.jpg"," Bruce Willis, Haley Joel Osment, Toni Collette, Olivia Williams",A boy who communicates with spirits that don't know they're dead seeks the help of a disheartened child psychologist. (107 mins.), M. Night Shyamalan, Bruce Willis,8.1,The Sixth Sense,762481.0,(1999),35
"https://images-na.ssl-images-amazon.com/images/M/MV5BMzhmNGMzMDMtZDM0Yi00MmVmLWExYjAtZDhjZjcxZDM0MzJhXkEyXkFqcGdeQXVyNjU0OTQ0OTY@._V1._SY209_CR0,0,140,209_.jpg"," Gerardo Taracena, Raoul Max Trujillo, Dalia HernÃ¡ndez, Rudy Youngblood","As the Mayan kingdom faces its decline, the rulers insist the key to prosperity is to build more temples and offer human sacrifices. Jaguar Paw, a young man captured for sacrifice, flees to avoid his fate. (139 mins.)", Mel Gibson, Gerardo Taracena,7.8,Apocalypto,251495.0,(2006),36
"https://images-na.ssl-images-amazon.com/images/M/MV5BYzllMjJkODAtYjMwMi00YmNhLWFhYzAtZjZjODg5YzEwOGUwXkEyXkFqcGdeQXVyNjU0OTQ0OTY@._V1._SY209_CR1,0,140,209_.jpg"," Hugo Weaving, Natalie Portman, Rupert Graves, Stephen Rea","In a future British tyranny, a shadowy freedom fighter, known only by the alias of ""V"", plots to overthrow it with the help of a young woman. (132 mins.)", James McTeigue, Hugo Weaving,8.2,V for Vendetta,862433.0,(2005),37
"https://images-na.ssl-images-amazon.com/images/M/MV5BN2Y2OWU4MWMtNmIyMy00YzMyLWI0Y2ItMTcyZDc3MTdmZDU4XkEyXkFqcGdeQXVyMTQxNzMzNDI@._V1._SY209_CR0,0,140,209_.jpg"," Bruce Willis, Madeleine Stowe, Brad Pitt, Joseph Melito","In a future world devastated by disease, a convict is sent back in time to gather information about the man-made virus that wiped out most of the human population on the planet. (129 mins.)", Terry Gilliam, Bruce Willis,8.0,Twelve Monkeys,497800.0,(1995),38
"https://images-na.ssl-images-amazon.com/images/M/MV5BMTc2NjMzOTE3Ml5BMl5BanBnXkFtZTcwMDE0OTc5Mw@@._V1._SY209_CR0,0,140,209_.jpg"," James Franco, Amber Tamblyn, Kate Mara, Sean Bott","An adventurous mountain climber becomes trapped under a boulder while canyoneering alone near Moab, Utah and resorts to desperate measures in order to survive. (94 mins.)", Danny Boyle, James Franco,7.6,127 Hours,298181.0,(2010),39
"https://images-na.ssl-images-amazon.com/images/M/MV5BMjA5NTUwNjI1N15BMl5BanBnXkFtZTYwOTE1ODc5._V1._SY209_CR0,0,140,209_.jpg"," Tom Cruise, Nicole Kidman, Todd Field, Sydney Pollack","A New York City doctor, who is married to an art curator, pushes himself on a harrowing and dangerous night-long odyssey of sexual and moral discovery after his wife admits that she once almost cheated on him. (159 mins.)", Stanley Kubrick, Tom Cruise,7.3,Eyes Wide Shut,244433.0,(1999),40
"https://images-na.ssl-images-amazon.com/images/M/MV5BZGVmMDNmYmEtNGQ2Mi00Y2ZhLThhZTYtYjE5YmQzMjZiZGMxXkEyXkFqcGdeQXVyNDk3NzU2MTQ@._V1._SY209_CR4,0,140,209_.jpg"," Michael Douglas, Deborah Kara Unger, Sean Penn, James Rebhorn","After a wealthy banker is given an opportunity to participate in a mysterious game, his life is turned upside down when he becomes unable to distinguish between the game and reality. (129 mins.)", David Fincher, Michael Douglas,7.8,The Game,283365.0,(1997),41
"https://images-na.ssl-images-amazon.com/images/M/MV5BZDA3NDExMTUtMDlhOC00MmQ5LWExZGUtYmI1NGVlZWI4OWNiXkEyXkFqcGdeQXVyNjc1NTYyMjg@._V1._SX140_CR0,0,140,209_.jpg"," Cary Grant, Eva Marie Saint, James Mason, Jessie Royce Landis","A hapless New York advertising executive is mistaken for a government agent by a group of foreign spies, and is pursued across the country while he looks for a way to survive. (136 mins.)", Alfred Hitchcock, Cary Grant,8.4,North by Northwest,239255.0,(1959),42
"https://images-na.ssl-images-amazon.com/images/M/MV5BZjYwYzliYTktMzk3MS00MzE0LTllM2QtMDk3MTFmOGQ2MjE0XkEyXkFqcGdeQXVyMTQxNzMzNDI@._V1._SY209_CR0,0,140,209_.jpg"," Emilio EchevarrÃ­a, Gael GarcÃ­a Bernal, Goya Toledo, Ãlvaro Guerrero","A horrific car accident connects three stories, each involving characters dealing with loss, regret, and life's harsh realities, all in the name of love. (154 mins.)", Alejandro GonzÃ¡lez IÃ±Ã¡rritu, Emilio EchevarrÃ­a,8.1,Amores Perros,186821.0,(2000),43
"https://images-na.ssl-images-amazon.com/images/M/MV5BMTUyMTE0ODcxNF5BMl5BanBnXkFtZTgwODE4NDQzNTE@._V1._SY209_CR2,0,140,209_.jpg"," Tom Hardy, Charlize Theron, Nicholas Hoult, ZoÃ« Kravitz","A woman rebels against a tyrannical ruler in postapocalyptic Australia in search for her home-land with the help of a group of female prisoners, a psychotic worshipper, and a drifter named Max. (120 mins.)", George Miller, Tom Hardy,8.1,Mad Max: Fury Road,655284.0,(2015),44
"https://images-na.ssl-images-amazon.com/images/M/MV5BMTczNDk4NTQ0OV5BMl5BanBnXkFtZTcwNDAxMDgxNw@@._V1._SY209_CR0,0,140,209_.jpg"," Daniel Craig, Rooney Mara, Christopher Plummer, Stellan SkarsgÃ¥rd","Journalist Mikael Blomkvist is aided in his search for a woman who has been missing for forty years by Lisbeth Salander, a young computer hacker. (158 mins.)", David Fincher, Daniel Craig,7.8,The Girl with the Dragon Tattoo,354171.0,(2011),45
"https://images-na.ssl-images-amazon.com/images/M/MV5BZTcyNjk1MjgtOWI3Mi00YzQwLWI5MTktMzY4ZmI2NDAyNzYzXkEyXkFqcGdeQXVyNjU0OTQ0OTY@._V1._SY209_CR1,0,140,209_.jpg"," Guy Pearce, Carrie-Anne Moss, Joe Pantoliano, Mark Boone Junior",A man juggles searching for his wife's murderer and keeping his short-term memory loss from being an obstacle. (113 mins.), Christopher Nolan, Guy Pearce,8.5,Memento,923229.0,(2000),46
"https://images-na.ssl-images-amazon.com/images/M/MV5BNjE5MzYwMzYxMF5BMl5BanBnXkFtZTcwOTk4MTk0OQ@@._V1._SY209_CR0,0,140,209_.jpg"," Sandra Bullock, George Clooney, Ed Harris, Orto Ignatiussen",Two astronauts work together to survive after an accident which leaves them alone in space. (91 mins.), Alfonso CuarÃ³n, Sandra Bullock,7.8,Gravity,634375.0,(2013),47
"https://images-na.ssl-images-amazon.com/images/M/MV5BMDI5ZWJhOWItYTlhOC00YWNhLTlkNzctNDU5YTI1M2E1MWZhXkEyXkFqcGdeQXVyNTIzOTk5ODM@._V1._SY209_CR0,0,140,209_.jpg"," Daniel Craig, Eva Green, Judi Dench, Jeffrey Wright","Armed with a license to kill, Secret Agent James Bond sets out on his first mission as 007 and must defeat a private banker to terrorists in a high stakes game of poker at Casino Royale, Montenegro but things are not what they seem. (144 mins.)", Martin Campbell, Daniel Craig,8.0,Casino Royale,501849.0,(2006),48
"https://images-na.ssl-images-amazon.com/images/M/MV5BNGUxYWM3M2MtMGM3Mi00ZmRiLWE0NGQtZjE5ODI2OTJhNTU0XkEyXkFqcGdeQXVyMTQxNzMzNDI@._V1._SY209_CR1,0,140,209_.jpg"," James Stewart, Grace Kelly, Wendell Corey, Thelma Ritter",A wheelchair-bound photographer spies on his neighbours from his apartment window and becomes convinced one of them has committed murder. (112 mins.), Alfred Hitchcock, James Stewart,8.5,Rear Window,347789.0,(1954),49
"https://images-na.ssl-images-amazon.com/images/M/MV5BMTcwNzYzMzMwMF5BMl5BanBnXkFtZTcwMzMzODczMQ@@._V1._SY209_CR0,0,140,209_.jpg"," Eric Bana, Daniel Craig, Marie-JosÃ©e Croze, CiarÃ¡n Hinds","Based on the true story of the Black September aftermath, about the five men chosen to eliminate the ones responsible for that fateful day. (164 mins.)", Steven Spielberg, Eric Bana,7.6,Munich,185669.0,(2005),50
"https://images-na.ssl-images-amazon.com/images/M/MV5BM2M2MDJhMDgtMmJkYy00MTgzLTkyZTktODM5NzE1MWUyNDA4XkEyXkFqcGdeQXVyNTA4NzY1MzY@._V1._SY209_CR3,0,140,209_.jpg"," Keanu Reeves, Al Pacino, Charlize Theron, Jeffrey Jones",An exceptionally adept Florida lawyer is offered a job to work in New York City for a high-end law firm with a high-end boss - the biggest opportunity of his career to date. (144 mins.), Taylor Hackford, Keanu Reeves,7.5,The Devil's Advocate,277748.0,(1997),51
"https://images-na.ssl-images-amazon.com/images/M/MV5BMzJmNjEzZDYtNGViZC00MTBiLTllZjYtOTY1YjBjZmMyODg0XkEyXkFqcGdeQXVyNjU0OTQ0OTY@._V1._SX140_CR0,0,140,209_.jpg"," Anthony Perkins, Janet Leigh, Vera Miles, John Gavin","A Phoenix secretary embezzles $40,000 from her employer's client, goes on the run, and checks into a remote motel run by a young man under the domination of his mother. (109 mins.)", Alfred Hitchcock, Anthony Perkins,8.5,Psycho,465830.0,(1960),52
"https://images-na.ssl-images-amazon.com/images/M/MV5BYTVjYWJmMWQtYWU4Ni00MWY3LWI2YmMtNTI5MDE0MWVmMmEzL2ltYWdlXkEyXkFqcGdeQXVyMTQxNzMzNDI@._V1._SX140_CR0,0,140,209_.jpg"," Kevin Costner, Sean Connery, Robert De Niro, Charles Martin Smith","Federal Agent Eliot Ness sets out to stop Al Capone; because of rampant corruption, he assembles a small, hand-picked team. (119 mins.)", Brian De Palma, Kevin Costner,7.9,The Untouchables,233079.0,(1987),53
"https://images-na.ssl-images-amazon.com/images/M/MV5BYjgwY2E1N2QtNDJkMi00YzE4LThiYTItYWI5YmE4NWMzMGFhXkEyXkFqcGdeQXVyMjU3OTA4NzQ@._V1._SX140_CR0,0,140,209_.jpg"," Ben Affleck, Rosamund Pike, Neil Patrick Harris, Tyler Perry","With his wife's disappearance having become the focus of an intense media circus, a man sees the spotlight turned on him when it's suspected that he may not be innocent. (149 mins.)", David Fincher, Ben Affleck,8.1,Gone Girl,654549.0,(2014),54
"https://images-na.ssl-images-amazon.com/images/M/MV5BYTE4ODEwZDUtNDFjOC00NjAxLWEzYTQtYTI1NGVmZmFlNjdiL2ltYWdlL2ltYWdlXkEyXkFqcGdeQXVyNjc1NTYyMjg@._V1._SX140_CR0,0,140,209_.jpg"," James Stewart, Kim Novak, Barbara Bel Geddes, Tom Helmore","A San Francisco detective suffering from acrophobia investigates the strange activities of an old friend's wife, all the while becoming dangerously obsessed with her. (128 mins.)", Alfred Hitchcock, James Stewart,8.4,Vertigo,276342.0,(1958),55
"https://images-na.ssl-images-amazon.com/images/M/MV5BMTQzNzExMDg3Ml5BMl5BanBnXkFtZTgwODU1NzEzMDE@._V1._SY209_CR0,0,140,209_.jpg"," Tom Hanks, Barkhad Abdi, Barkhad Abdirahman, Catherine Keener","The true story of Captain Richard Phillips and the 2009 hijacking by Somali pirates of the U.S.-flagged MV Maersk Alabama, the first American cargo ship to be hijacked in two hundred years. (134 mins.)", Paul Greengrass, Tom Hanks,7.8,Captain Phillips,352459.0,(2013),56
"https://images-na.ssl-images-amazon.com/images/M/MV5BMTExMzU0ODcxNDheQTJeQWpwZ15BbWU4MDE1OTI4MzAy._V1._SX140_CR0,0,140,209_.jpg"," Amy Adams, Jeremy Renner, Forest Whitaker, Michael Stuhlbarg","When twelve mysterious spacecraft appear around the world, linguistics professor Louise Banks is tasked with interpreting the language of the apparent alien visitors. (116 mins.)", Denis Villeneuve, Amy Adams,8.0,Arrival,381252.0,(2016),57
"https://images-na.ssl-images-amazon.com/images/M/MV5BNDBiZGJmY2EtZTNhYi00NTM2LWE2NjQtZTAyN2RlNDM4NjEyXkEyXkFqcGdeQXVyMTQxNzMzNDI@._V1._SY209_CR1,0,140,209_.jpg"," Dustin Hoffman, Susan George, Peter Vaughan, T.P. McKenna",A young American and his English wife come to rural England and face increasingly vicious local harassment. (113 mins.), Sam Peckinpah, Dustin Hoffman,7.5,Straw Dogs,48164.0,(1971),58
"https://images-na.ssl-images-amazon.com/images/M/MV5BMTgxNzY3MzUxOV5BMl5BanBnXkFtZTcwMDA0NjMyNA@@._V1._SX140_CR0,0,140,209_.jpg"," William H. Macy, Frances McDormand, Steve Buscemi, Peter Stormare",Jerry Lundegaard's inept crime falls apart due to his and his henchmen's bungling and the persistent police work of the quite pregnant Marge Gunderson. (98 mins.), Joel Coen, William H. Macy,8.1,Fargo,497648.0,(1996),59
"https://images-na.ssl-images-amazon.com/images/M/MV5BYWUxOWY4NDctMDFmMS00ZTQwLWExMGEtODg0ZWNhOTE5NzZmXkEyXkFqcGdeQXVyMTQxNzMzNDI@._V1._SY209_CR3,0,140,209_.jpg"," Bill Pullman, Patricia Arquette, John Roselius, Louis Eppolito","After a bizarre encounter at a party, a jazz saxophonist is framed for the murder of his wife and sent to prison, where he inexplicably morphs into a young mechanic and begins leading a new life. (134 mins.)", David Lynch, Bill Pullman,7.6,Lost Highway,106730.0,(1997),60
"https://images-na.ssl-images-amazon.com/images/M/MV5BOTgwMzFiMWYtZDhlNS00ODNkLWJiODAtZDVhNzgyNzJhYjQ4L2ltYWdlXkEyXkFqcGdeQXVyNzEzOTYxNTQ@._V1._SY209_CR0,0,140,209_.jpg"," Benedict Cumberbatch, Keira Knightley, Matthew Goode, Allen Leech","During World War II, mathematician Alan Turing tries to crack the enigma code with help from fellow mathematicians. (114 mins.)", Morten Tyldum, Benedict Cumberbatch,8.0,The Imitation Game,543807.0,(2014),61
"https://images-na.ssl-images-amazon.com/images/M/MV5BMTI3NzMwMzkyNV5BMl5BanBnXkFtZTcwODk4NjQxMw@@._V1._SY209_CR0,0,140,209_.jpg"," Ewan McGregor, Pierce Brosnan, Olivia Williams, Jon Bernthal",A ghostwriter hired to complete the memoirs of a former British prime minister uncovers secrets that put his own life in jeopardy. (128 mins.), Roman Polanski, Ewan McGregor,7.2,The Ghost Writer,139608.0,(2010),62
"https://images-na.ssl-images-amazon.com/images/M/MV5BMTQ5NTI2NTI4NF5BMl5BanBnXkFtZTcwNjk2NDA2OQ@@._V1._SY209_CR0,0,140,209_.jpg"," Julianne Moore, Clive Owen, Chiwetel Ejiofor, Michael Caine","In 2027, in a chaotic world in which women have become somehow infertile, a former activist agrees to help transport a miraculously pregnant woman to a sanctuary at sea. (109 mins.)", Alfonso CuarÃ³n, Julianne Moore,7.9,Children of Men,389770.0,(2006),63
"https://images-na.ssl-images-amazon.com/images/M/MV5BYjYyODExMDctZjgwYy00ZjQwLWI4OWYtOGFlYjA4ZjEzNmY1XkEyXkFqcGdeQXVyNTAyODkwOQ@@._V1._SY209_CR1,0,140,209_.jpg"," Kevin Costner, Gary Oldman, Jack Lemmon, Walter Matthau",New Orleans District Attorney Jim Garrison discovers there's more to the Kennedy assassination than the official story. (189 mins.), Oliver Stone, Kevin Costner,8.0,JFK,121047.0,(1991),64
"https://images-na.ssl-images-amazon.com/images/M/MV5BZWRhNDZkMzQtZDQ3Ny00NjdjLWJmZjAtMWQxNDQyZTYzZjU0XkEyXkFqcGdeQXVyMTQxNzMzNDI@._V1._SY209_CR4,0,140,209_.jpg"," Elias McConnell, Alex Frost, Eric Deulen, John Robinson",Several ordinary high school students go through their daily routine as two others prepare for something more malevolent. (81 mins.), Gus Van Sant, Elias McConnell,7.2,Elephant,74732.0,(2003),65
"https://images-na.ssl-images-amazon.com/images/M/MV5BNDUzNjYwNDYyNl5BMl5BanBnXkFtZTcwNjU3ODQ0MQ@@._V1._SX140_CR0,0,140,209_.jpg"," Ulrich MÃ¼he, Martina Gedeck, Sebastian Koch, Ulrich Tukur","In 1984 East Berlin, an agent of the secret police, conducting surveillance on a writer and his lover, finds himself becoming increasingly absorbed by their lives. (137 mins.)", Florian Henckel von Donnersmarck, Ulrich MÃ¼he,8.5,The Lives of Others,283927.0,(2006),66
"https://images-na.ssl-images-amazon.com/images/M/MV5BYmY2ZGEwMTYtNjBmZS00OGE4LWEyMmUtNjAwMWUxZjVmZTRiXkEyXkFqcGdeQXVyNjU0OTQ0OTY@._V1._SX140_CR0,0,140,209_.jpg"," Bruce Willis, Alan Rickman, Bonnie Bedelia, Reginald VelJohnson","John McClane, officer of the NYPD, tries to save his wife Holly Gennaro and several others that were taken hostage by German terrorist Hans Gruber during a Christmas party at the Nakatomi Plaza in Los Angeles. (131 mins.)", John McTiernan, Bruce Willis,8.2,Die Hard,643610.0,(1988),67
"https://images-na.ssl-images-amazon.com/images/M/MV5BMTgwNTI3OTczOV5BMl5BanBnXkFtZTcwMTM3MTUyMw@@._V1._SY209_CR0,0,140,209_.jpg"," Ricardo DarÃ­n, Soledad Villamil, Pablo Rago, Carla Quevedo",A retired legal counselor writes a novel hoping to find closure for one of his past unresolved homicide cases and for his unreciprocated love with his superior - both of which still haunt him decades later. (129 mins.), Juan JosÃ© Campanella, Ricardo DarÃ­n,8.2,The Secret in Their Eyes,148439.0,(2009),68
"https://images-na.ssl-images-amazon.com/images/M/MV5BMTc3NjI2MjU0Nl5BMl5BanBnXkFtZTgwNDk3ODYxMTE@._V1._SY209_CR0,0,140,209_.jpg"," Tom Cruise, Jon Voight, Emmanuelle BÃ©art, Henry Czerny","An American agent, under false suspicion of disloyalty, must discover and expose the real spy without the help of his organization. (110 mins.)", Brian De Palma, Tom Cruise,7.1,Mission: Impossible,321817.0,(1996),69
"https://images-na.ssl-images-amazon.com/images/M/MV5BOWVkYzliZGEtODIxMi00MDQwLThjMDAtNzI3M2NjYjg4NDE5XkEyXkFqcGdeQXVyNjU0OTQ0OTY@._V1._SY209_CR0,0,140,209_.jpg"," Robert De Niro, Jean Reno, Natascha McElhone, Stellan SkarsgÃ¥rd",A freelancing former U.S. intelligence agent tries to track down a mysterious package that is wanted by both the Irish and the Russians. (122 mins.), John Frankenheimer, Robert De Niro,7.3,Ronin,152355.0,(1998),70
"https://images-na.ssl-images-amazon.com/images/M/MV5BMTg3NjUxMzM5NV5BMl5BanBnXkFtZTcwMzQ1NjQzMw@@._V1._SY209_CR0,0,140,209_.jpg"," Johnny Depp, Helena Bonham Carter, Alan Rickman, Timothy Spall","The infamous story of Benjamin Barker, a.k.a. Sweeney Todd, who sets up a barber shop down in London which is the basis for a sinister partnership with his fellow tenant, Mrs. Lovett. Based on the hit Broadway musical. (116 mins.)", Tim Burton, Johnny Depp,7.4,Sweeney Todd: The Demon Barber of Fleet Street,300508.0,(2007),71
"https://images-na.ssl-images-amazon.com/images/M/MV5BMTM4NzQ0OTYyOF5BMl5BanBnXkFtZTcwMDkyNjQyMg@@._V1._SY209_CR0,0,140,209_.jpg"," Liam Neeson, Maggie Grace, Famke Janssen, Leland Orser","A retired CIA agent travels across Europe and relies on his old skills to save his estranged daughter, who has been kidnapped while on a trip to Paris. (93 mins.)", Pierre Morel, Liam Neeson,7.8,Taken,507947.0,(2008),72
"https://images-na.ssl-images-amazon.com/images/M/MV5BYzFjNzIxMmEtMzY5NS00YTgzLTkwYWEtN2FjMmY0NmNkZWY3XkEyXkFqcGdeQXVyMTQxNzMzNDI@._V1._SX140_CR0,0,140,209_.jpg"," John Travolta, Nicolas Cage, Joan Allen, Alessandro Nivola","In order to foil an extortion plot, an FBI agent undergoes a facial transplant surgery and assumes the identity and physical appearance of a terrorist, but the plan turns from bad to worse when the same terrorist impersonates the FBI agent. (138 mins.)", John Woo, John Travolta,7.3,Face/Off,300805.0,(1997),73
"https://images-na.ssl-images-amazon.com/images/M/MV5BMjA0MDM4ODM0Ml5BMl5BanBnXkFtZTYwNDE3MjU3._V1._SY209_CR0,0,140,209_.jpg"," Tom Hanks, Tyler Hoechlin, Rob Maxey, Liam Aiken",Bonds of loyalty are put to the test when a hitman's son witnesses what his father does for a living. (117 mins.), Sam Mendes, Tom Hanks,7.7,Road to Perdition,213055.0,(2002),74
"https://images-na.ssl-images-amazon.com/images/M/MV5BNzNlMjhmMjEtMGRhMC00YmZlLThiZmMtMGUxZmU5OGUzNTg3XkEyXkFqcGdeQXVyMTAwMzUyOTc@._V1._SY209_CR1,0,140,209_.jpg"," Kseniya Rappoport, Michele Placido, Claudia Gerini, Piera Degli Esposti","Haunted by a horrible past, a Ukrainian young woman calculatedly insinuates herself into the life of a rich Italian family. (118 mins.)", Giuseppe Tornatore, Kseniya Rappoport,7.5,The Unknown Woman,10648.0,(2006),75
"https://images-na.ssl-images-amazon.com/images/M/MV5BMjE4MDYzNDE1OV5BMl5BanBnXkFtZTcwNDY2OTYwNA@@._V1._SY209_CR0,0,140,209_.jpg"," Cary Elwes, Leigh Whannell, Danny Glover, Ken Leung","Two strangers awaken in a room with no recollection of how they got there or why, and soon discover they are pawns in a deadly game perpetrated by a notorious serial killer. (103 mins.)", James Wan, Cary Elwes,7.7,Saw,320745.0,(2004),76
"https://images-na.ssl-images-amazon.com/images/M/MV5BOWE3MzIyNmEtMzhmMS00ZDMxLTkyZDYtMmVkOTI4NTBhZTllXkEyXkFqcGdeQXVyMTQxNzMzNDI@._V1._SX140_CR0,0,140,209_.jpg"," Scarlett Johansson, Jonathan Rhys Meyers, Emily Mortimer, Matthew Goode","At a turning point in his life, a former tennis pro falls for an actress who happens to be dating his friend and soon-to-be brother-in-law. (124 mins.)", Woody Allen, Scarlett Johansson,7.7,Match Point,178154.0,(2005),77
"https://images-na.ssl-images-amazon.com/images/M/MV5BMjAzMjk4NjI4M15BMl5BanBnXkFtZTcwNjQ4OTEwNA@@._V1._SY209_CR0,0,140,209_.jpg"," Russell Crowe, Elizabeth Banks, Liam Neeson, Michael Buie",A married couple's life is turned upside down when the wife is accused of a murder. (133 mins.), Paul Haggis, Russell Crowe,7.4,The Next Three Days,154761.0,(2010),78
"https://images-na.ssl-images-amazon.com/images/M/MV5BMTQyNTk5MTMxN15BMl5BanBnXkFtZTcwNTc0ODI1NA@@._V1._SY209_CR0,0,140,209_.jpg"," Kevin Costner, Demi Moore, William Hurt, Dane Cook",A psychological thriller about a man who is sometimes controlled by his murder-and-mayhem-loving alter ego. (120 mins.), Bruce A. Evans, Kevin Costner,7.3,Mr. Brooks,129510.0,(2007),79
"https://images-na.ssl-images-amazon.com/images/M/MV5BNmY5ODRmYTItNWU0Ni00MWE3LTgyYzUtYjZlN2Q5YTcyM2NmXkEyXkFqcGdeQXVyNjU0OTQ0OTY@._V1._SY209_CR1,0,140,209_.jpg"," Pam Grier, Samuel L. Jackson, Robert Forster, Bridget Fonda",A middle-aged woman finds herself in the middle of a huge conflict that will either make her a profit or cost her life. (154 mins.), Quentin Tarantino, Pam Grier,7.5,Jackie Brown,256514.0,(1997),80
"https://images-na.ssl-images-amazon.com/images/M/MV5BMTg0NjEwNjUxM15BMl5BanBnXkFtZTcwMzk0MjQ5Mg@@._V1._SX140_CR0,0,140,209_.jpg"," Robert Downey Jr., Jude Law, Rachel McAdams, Mark Strong",Detective Sherlock Holmes and his stalwart partner Watson engage in a battle of wits and brawn with a nemesis whose plot is a threat to all of England. (128 mins.), Guy Ritchie, Robert Downey Jr.,7.6,Sherlock Holmes,509232.0,(2009),81
"https://images-na.ssl-images-amazon.com/images/M/MV5BZDMxOGZhNWYtMzRlYy00Mzk5LWJjMjEtNmQ4NDU4M2QxM2UzXkEyXkFqcGdeQXVyNTA4NzY1MzY@._V1._SY209_CR0,0,140,209_.jpg"," Leonardo DiCaprio, Djimon Hounsou, Jennifer Connelly, Kagiso Kuypers","A fisherman, a smuggler, and a syndicate of businessmen match wits over the possession of a priceless diamond. (143 mins.)", Edward Zwick, Leonardo DiCaprio,8.0,Blood Diamond,428119.0,(2006),82
"https://images-na.ssl-images-amazon.com/images/M/MV5BNGNhYWY4M2ItZTFjOC00YmRiLTk4YTUtOGIxNjNjOGU2MTA1XkEyXkFqcGdeQXVyMTQxNzMzNDI@._V1._SY209_CR1,0,140,209_.jpg"," Isabella Rossellini, Kyle MacLachlan, Dennis Hopper, Laura Dern","The discovery of a severed human ear found in a field leads a young man on an investigation related to a beautiful, mysterious nightclub singer and a group of psychopathic criminals who have kidnapped her child. (120 mins.)", David Lynch, Isabella Rossellini,7.8,Blue Velvet,145636.0,(1986),83
"https://images-na.ssl-images-amazon.com/images/M/MV5BMjM2MDgxMDg0Nl5BMl5BanBnXkFtZTgwNTM2OTM5NDE@._V1._SX140_CR0,0,140,209_.jpg"," Sam Neill, Laura Dern, Jeff Goldblum, Richard Attenborough","During a preview tour, a theme park suffers a major power breakdown that allows its cloned dinosaur exhibits to run amok. (127 mins.)", Steven Spielberg, Sam Neill,8.1,Jurassic Park,680767.0,(1993),84
"https://images-na.ssl-images-amazon.com/images/M/MV5BYjA0NDMyYTgtMDgxOC00NGE0LWJkOTQtNDRjMjEzZmU0ZTQ3XkEyXkFqcGdeQXVyMTQxNzMzNDI@._V1._SY209_CR0,0,140,209_.jpg"," Antonio Banderas, Salma Hayek, Joaquim de Almeida, Cheech Marin",A gunslinger is embroiled in a war with a local drug runner. (104 mins.), Robert Rodriguez, Antonio Banderas,7.2,Desperado,147301.0,(1995),85
"https://images-na.ssl-images-amazon.com/images/M/MV5BNjdhNzZlYzYtYTBlNS00NTJiLWI2ZWUtMDI2YzI2MzM5NjY4XkEyXkFqcGdeQXVyNjc1NTYyMjg@._V1._SX140_CR0,0,140,209_.jpg"," Robert De Niro, Nick Nolte, Jessica Lange, Juliette Lewis","A convicted rapist, released from prison after serving a fourteen-year sentence, stalks the family of the lawyer who originally defended him. (128 mins.)", Martin Scorsese, Robert De Niro,7.3,Cape Fear,137605.0,(1991),86
"https://images-na.ssl-images-amazon.com/images/M/MV5BMTQ1NzM2ODQxNF5BMl5BanBnXkFtZTcwMDczMDU1MQ@@._V1._SY209_CR0,0,140,209_.jpg"," Philip Seymour Hoffman, Ethan Hawke, Albert Finney, Marisa Tomei","When two brothers organize the robbery of their parents' jewelry store the job goes horribly wrong, triggering a series of events that sends them, their father and one brother's wife hurtling towards a shattering climax. (117 mins.)", Sidney Lumet, Philip Seymour Hoffman,7.3,Before the Devil Knows You're Dead,85379.0,(2007),87
"https://images-na.ssl-images-amazon.com/images/M/MV5BMjIxOTI0MjU5NV5BMl5BanBnXkFtZTgwNzM4OTk4NTE@._V1._SY209_CR0,0,140,209_.jpg"," Tom Hanks, Mark Rylance, Alan Alda, Amy Ryan","During the Cold War, an American lawyer is recruited to defend an arrested Soviet spy in court, and then help the CIA facilitate an exchange of the spy for the Soviet captured American U2 spy plane pilot, Francis Gary Powers. (142 mins.)", Steven Spielberg, Tom Hanks,7.6,Bridge of Spies,225735.0,(2015),88
"https://images-na.ssl-images-amazon.com/images/M/MV5BNmY4ZGFjYTYtMDNmYi00ZDM4LWFjYTgtNmNlZjBmMzg0MzQ3XkEyXkFqcGdeQXVyNDk3NzU2MTQ@._V1._SY209_CR0,0,140,209_.jpg"," Jodie Foster, Kristen Stewart, Forest Whitaker, Dwight Yoakam","A divorced woman and her diabetic daughter take refuge in their newly-purchased house's safe room, when three men break-in, searching for a missing fortune. (112 mins.)", David Fincher, Jodie Foster,6.8,Panic Room,219679.0,(2002),89
"https://images-na.ssl-images-amazon.com/images/M/MV5BMTY0NDY3MDMxN15BMl5BanBnXkFtZTcwOTM5NzMzOQ@@._V1._SX140_CR0,0,140,209_.jpg"," Jesse Eisenberg, Common, Mark Ruffalo, Woody Harrelson","An F.B.I. Agent, and an Interpol Detective, track a team of illusionists, who pull off bank heists during their performances, and reward their audiences with the money. (115 mins.)", Louis Leterrier, Jesse Eisenberg,7.3,Now You See Me,502363.0,(2013),90
"https://images-na.ssl-images-amazon.com/images/M/MV5BYzg5YmUyNGMtMThiNS00MjA2LTgwZDctNDlhM2RkZDNmZmRkXkEyXkFqcGdeQXVyNDk3NzU2MTQ@._V1._SY209_CR0,0,140,209_.jpg"," Arnold Schwarzenegger, Jamie Lee Curtis, Tom Arnold, Bill Paxton","A fearless, globe-trotting, terrorist-battling secret agent has his life turned upside down when he discovers his wife might be having an affair with a used car salesman while terrorists smuggle nuclear war heads into the United States. (141 mins.)", James Cameron, Arnold Schwarzenegger,7.2,True Lies,202062.0,(1994),91
"https://images-na.ssl-images-amazon.com/images/M/MV5BMTczMzIzMTQ1OV5BMl5BanBnXkFtZTYwMDQwNjk2._V1._SY209_CR0,0,140,209_.jpg"," Viggo Mortensen, Maria Bello, Ed Harris, William Hurt","A mild-mannered man becomes a local hero through an act of violence, which sets off repercussions that will shake his family to its very core. (96 mins.)", David Cronenberg, Viggo Mortensen,7.5,A History of Violence,198174.0,(2005),92
"https://images-na.ssl-images-amazon.com/images/M/MV5BMTcxNDQ5MzAyOV5BMl5BanBnXkFtZTYwMjkxMTU3._V1._SX140_CR0,0,140,209_.jpg"," Colin Farrell, Kiefer Sutherland, Forest Whitaker, Radha Mitchell","Stuart Shepard finds himself trapped in a phone booth, pinned down by an extortionist's sniper rifle. (81 mins.)", Joel Schumacher, Colin Farrell,7.1,Phone Booth,220871.0,(2002),93
"https://images-na.ssl-images-amazon.com/images/M/MV5BMzE0NGQ5YWYtNWRkYy00NzNhLWI5YzMtM2NjZjU4ZWEwM2QyXkEyXkFqcGdeQXVyNTA4NzY1MzY@._V1._SY209_CR3,0,140,209_.jpg"," Jake Gyllenhaal, Michelle Monaghan, Vera Farmiga, Jeffrey Wright",A soldier wakes up in someone else's body and discovers he's part of an experimental government program to find the bomber of a commuter train. A mission he has only 8 minutes to complete. (93 mins.), Duncan Jones, Jake Gyllenhaal,7.5,Source Code,412455.0,(2011),94
"https://images-na.ssl-images-amazon.com/images/M/MV5BNzQzMzJhZTEtOWM4NS00MTdhLTg0YjgtMjM4MDRkZjUwZDBlXkEyXkFqcGdeQXVyNjU0OTQ0OTY@._V1._SY209_CR0,0,140,209_.jpg"," Harrison Ford, Rutger Hauer, Sean Young, Edward James Olmos",A blade runner must pursue and try to terminate four replicants who stole a ship in space and have returned to Earth to find their creator. (117 mins.), Ridley Scott, Harrison Ford,8.2,Blade Runner,506623.0,(1982),95
"https://images-na.ssl-images-amazon.com/images/M/MV5BN2U1YzdhYWMtZWUzMi00OWI1LWFkM2ItNWVjM2YxMGQ2MmNhXkEyXkFqcGdeQXVyNjU0OTQ0OTY@._V1._SY209_CR2,0,140,209_.jpg"," Jake Gyllenhaal, Rene Russo, Bill Paxton, Riz Ahmed","When Louis Bloom, a con man desperate for work, muscles into the world of L.A. crime journalism, he blurs the line between observer and participant to become the star of his own story. (118 mins.)", Dan Gilroy, Jake Gyllenhaal,7.9,Nightcrawler,343766.0,(2014),96
"https://images-na.ssl-images-amazon.com/images/M/MV5BYTdmZmY3Y2QtNjU5NC00OGUxLTg3MWQtMmE2ODM5Mzg3MzcyL2ltYWdlL2ltYWdlXkEyXkFqcGdeQXVyNTAyODkwOQ@@._V1._SY209_CR4,0,140,209_.jpg"," Kurt Russell, ZoÃ« Bell, Rosario Dawson, Vanessa Ferlito","Two separate sets of voluptuous women are stalked at different times by a scarred stuntman who uses his ""death proof"" cars to execute his murderous plans. (113 mins.)", Quentin Tarantino, Kurt Russell,7.1,Death Proof,223859.0,(2007),97
"https://images-na.ssl-images-amazon.com/images/M/MV5BMTQxNjc2NzAwNF5BMl5BanBnXkFtZTcwMDg3NzMzMw@@._V1._SY209_CR0,0,140,209_.jpg"," Jake Gyllenhaal, Robert Downey Jr., Mark Ruffalo, Anthony Edwards","In the late 1960s/early 1970s, a San Francisco cartoonist becomes an amateur detective obsessed with tracking down the Zodiac Killer, an unidentified individual who terrorizes Northern California with a killing spree. (157 mins.)", David Fincher, Jake Gyllenhaal,7.7,Zodiac,340127.0,(2007),98
"https://images-na.ssl-images-amazon.com/images/M/MV5BYzVmMTdjOTYtOTJkYS00ZTg2LWExNTgtNzA1N2Y0MDgwYWFhXkEyXkFqcGdeQXVyMTQxNzMzNDI@._V1._SX140_CR0,0,140,209_.jpg"," Willem Dafoe, Sean Patrick Flanery, Norman Reedus, David Della Rocco",Fraternal twins set out to rid Boston of the evil men operating there while being tracked down by an FBI agent. (108 mins.), Troy Duffy, Willem Dafoe,7.9,The Boondock Saints,206273.0,(1999),99
"https://images-na.ssl-images-amazon.com/images/M/MV5BMTg2MTc0ODEwOV5BMl5BanBnXkFtZTgwNDAyOTY1MDI@._V1._SY209_CR2,0,140,209_.jpg"," Taraneh Alidoosti, Shahab Hosseini, Babak Karimi, Mina Sadati","While both participating in a production of ""Death of a Salesman,"" a teacher's wife is assaulted in her new home, which leaves him determined to find the perpetrator over his wife's traumatized objections. (124 mins.)", Asghar Farhadi, Taraneh Alidoosti,7.9,The Salesman,27374.0,(2016),100
